{
  "width": 640,
  "height": 360,
  "fps": 30,
  "main": "./script/aez_bundle_main.js",
  "assets": {
    "se": {
      "type": "audio",
      "path": "files/aea88cd01152840e6725",
      "systemId": "sound",
      "duration": 250,
      "virtualPath": "audio/se"
    },
    "cardBack": {
      "type": "image",
      "width": 63,
      "height": 101,
      "path": "files/cde6631cb4e54e374ca3.png",
      "virtualPath": "image/cardBack.png"
    },
    "m10": {
      "type": "image",
      "width": 63,
      "height": 101,
      "path": "files/26953891085fad9a2203.jpg",
      "virtualPath": "image/m10.jpg"
    },
    "m11": {
      "type": "image",
      "width": 63,
      "height": 101,
      "path": "files/c2bb57f138727fc456e5.jpg",
      "virtualPath": "image/m11.jpg"
    },
    "m12": {
      "type": "image",
      "width": 63,
      "height": 101,
      "path": "files/084d4cc9d7fa490229c3.jpg",
      "virtualPath": "image/m12.jpg"
    },
    "m13": {
      "type": "image",
      "width": 63,
      "height": 101,
      "path": "files/4c736b547e4eaecb78b2.jpg",
      "virtualPath": "image/m13.jpg"
    },
    "m14": {
      "type": "image",
      "width": 63,
      "height": 101,
      "path": "files/489c5c4990cd00808ce3.jpg",
      "virtualPath": "image/m14.jpg"
    },
    "m15": {
      "type": "image",
      "width": 63,
      "height": 101,
      "path": "files/000b325631557e3b55f4.jpg",
      "virtualPath": "image/m15.jpg"
    },
    "m2": {
      "type": "image",
      "width": 63,
      "height": 101,
      "path": "files/b2c6ff78659cd2bac2ec.jpg",
      "virtualPath": "image/m2.jpg"
    },
    "m3": {
      "type": "image",
      "width": 63,
      "height": 101,
      "path": "files/6ce181209aef6cb75527.jpg",
      "virtualPath": "image/m3.jpg"
    },
    "m4": {
      "type": "image",
      "width": 63,
      "height": 101,
      "path": "files/aa30806c59c1d3a61734.jpg",
      "virtualPath": "image/m4.jpg"
    },
    "m5": {
      "type": "image",
      "width": 63,
      "height": 101,
      "path": "files/50596084f7cb92904830.jpg",
      "virtualPath": "image/m5.jpg"
    },
    "m6": {
      "type": "image",
      "width": 63,
      "height": 101,
      "path": "files/ced0bc223cf8d0070de5.jpg",
      "virtualPath": "image/m6.jpg"
    },
    "m7": {
      "type": "image",
      "width": 63,
      "height": 101,
      "path": "files/314e37720f09674797e0.jpg",
      "virtualPath": "image/m7.jpg"
    },
    "m8": {
      "type": "image",
      "width": 63,
      "height": 101,
      "path": "files/932d1aff11a7f7a616b1.jpg",
      "virtualPath": "image/m8.jpg"
    },
    "m9": {
      "type": "image",
      "width": 63,
      "height": 101,
      "path": "files/43bfd39d7859feecaf47.jpg",
      "virtualPath": "image/m9.jpg"
    },
    "m1": {
      "type": "image",
      "width": 63,
      "height": 101,
      "path": "files/e2a5f9d50d9682555edb.jpg",
      "virtualPath": "image/m1.jpg"
    },
    "bmpPng": {
      "type": "image",
      "width": 256,
      "height": 96,
      "path": "files/6316cfaeb85f2b61d319.png",
      "virtualPath": "image/bmpPng.png"
    },
    "glyph": {
      "type": "text",
      "path": "files/7995cac7367908d2fa2e.json",
      "virtualPath": "text/glyph.json"
    },
    "parameterObject": {
      "type": "script",
      "path": "files/f69efd9b51d31d911da0.js",
      "global": false,
      "virtualPath": "script/parameterObject.js"
    },
    "LebelFactory": {
      "type": "script",
      "path": "files/037294e1b61be4261df5.js",
      "global": true,
      "virtualPath": "script/utils/LebelFactory.js"
    },
    "aez_bundle_main": {
      "type": "script",
      "global": true,
      "path": "files/f086925699839f7a9594.js",
      "virtualPath": "script/aez_bundle_main.js"
    }
  },
  "environment": {
    "sandbox-runtime": "2",
    "niconico": {
      "supportedModes": [
        "ranking"
      ]
    },
    "external": {
      "send": "0"
    },
    "akashic-runtime": {
      "version": "~2.1.33",
      "flavor": "-canvas"
    }
  },
  "exportZipInfo": {
    "version": "0.4.5",
    "option": {
      "force": true,
      "strip": true,
      "minify": false,
      "bundle": true,
      "babel": true,
      "omitEmptyJs": true
    }
  },
  "globalScripts": []
}